'6787df5,Nyasha Chizampeni,added transfomers module'
'10c83af,Nyasha Chizampeni,save'
'165e04d,Nyasha Chizampeni,save'
'9dc9c7b,Nyasha Chizampeni,added fastapi application'
'9b9f5d3,Nyasha Chizampeni,save'
'70cd5ae,Nyasha Chizampeni,save'
'42bdffe,NyashaChiza,save'
'c6639a8,Nyasha Chizampeni,Merge pull request #4 from nyashaChiza/api'
'ffea022,Nyasha Chizampeni,save'
'6bf8ae0,Nyasha Chizampeni,save'
'2d7b265,Nyasha Chizampeni,save'
'807dcd6,Nyasha Chizampeni,Merge pull request #3 from nyashaChiza/api'
'23cf232,Nyasha Chizampeni,save'
'dec22e9,Nyasha Chizampeni,Merge pull request #2 from nyashaChiza/api'
'd3cb444,Nyasha Chizampeni,save'
'fd67e50,Nyasha Chizampeni,Merge pull request #1 from nyashaChiza/api'
'c6e4282,Nyasha Chizampeni,fast api endpoints update'
'0443636,Nyasha Chizampeni,fast api wip'
'd57154c,Nyasha Chizampeni,fast api wip'
'39cfa90,Nyasha Chizampeni,savepoint'
'e1be8e3,Nyasha Chizampeni,save'
'2fcbefa,Nyasha Chizampeni,pending feature selection'
'c0c8d49,Nyasha Chizampeni,updated requirements'
'bb21ff7,Nyasha Chizampeni,save'
'5135e0e,Nyasha Chizampeni,updated eda notebook'
'6e1fbca,Nyasha Chizampeni,updated eda notebook'
'9d2bf6c,Nyasha Chizampeni,save'
'6ff8fa6,Nyasha Chizampeni,updated imports'
'f03c7dc,Nyasha Chizampeni,updated requirements'
'4d10392,Nyasha Chizampeni,updated requirements'
'38ca3c9,Nyasha Chizampeni,Merge branch 'main' of https://github.com/nyashaChiza/Predicting-Probability-of-Default'
'aa78769,Nyasha Chizampeni,added unit tests'
'd179a7b,Nyasha Chizampeni,data preprocessing complete'
'64954fc,Nyasha Chizampeni,Create python-app.yml'
'ab64d11,Nyasha Chizampeni,dependancy installation'
'12039c2,Nyasha Chizampeni,dependancy installation'
'72902e4,Nyasha Chizampeni,project setup'
'd733bcb,Nyasha Chizampeni,Initial commit'